-- MySqlBackup.NET 2.0.4
-- Dump Time: 2021-05-04 21:01:23
-- --------------------------------------
-- Server version 5.6.17 MySQL Community Server (GPL)


/*!40101 SET @OLD_CHARACTER_SET_CLIENT=@@CHARACTER_SET_CLIENT */;
/*!40101 SET @OLD_CHARACTER_SET_RESULTS=@@CHARACTER_SET_RESULTS */;
/*!40101 SET @OLD_COLLATION_CONNECTION=@@COLLATION_CONNECTION */;
/*!40101 SET NAMES utf8 */;
/*!40014 SET @OLD_UNIQUE_CHECKS=@@UNIQUE_CHECKS, UNIQUE_CHECKS=0 */;
/*!40014 SET @OLD_FOREIGN_KEY_CHECKS=@@FOREIGN_KEY_CHECKS, FOREIGN_KEY_CHECKS=0 */;
/*!40101 SET @OLD_SQL_MODE=@@SQL_MODE, SQL_MODE='NO_AUTO_VALUE_ON_ZERO' */;
/*!40111 SET @OLD_SQL_NOTES=@@SQL_NOTES, SQL_NOTES=0 */;


-- 
-- Definition of tblcart
-- 

DROP TABLE IF EXISTS `tblcart`;
CREATE TABLE IF NOT EXISTS `tblcart` (
  `invoiceno` varchar(50) NOT NULL,
  `code` varchar(50) NOT NULL,
  `name` varchar(50) NOT NULL,
  `price` decimal(10,2) NOT NULL,
  `quantity` int(11) NOT NULL,
  `total` decimal(10,2) NOT NULL,
  `user` varchar(50) NOT NULL,
  `status` varchar(15) NOT NULL
) ENGINE=InnoDB DEFAULT CHARSET=utf8;

-- 
-- Dumping data for table tblcart
-- 

/*!40000 ALTER TABLE `tblcart` DISABLE KEYS */;
INSERT INTO `tblcart`(`invoiceno`,`code`,`name`,`price`,`quantity`,`total`,`user`,`status`) VALUES
('INV20211220553','P-20210956','GOLDEN MOORE',60.00,2,120.00,'Temidayo','APPROVED'),
('INV20211220553','P-20211504','MILO',650.00,2,1300.00,'Temidayo','APPROVED'),
('INV20211221747','P-20210956','GOLDEN MOORE',60.00,2,120.00,'Temidayo','APPROVED'),
('INV20211221747','P-20211504','MILO',650.00,2,1300.00,'Temidayo','APPROVED'),
('INV20211221747','P-20212120','POWER OIL',120.00,3,360.00,'Temidayo','APPROVED'),
('INV20211232624','P-20210956','GOLDEN MOORE',60.00,1,60.00,'Temidayo','APPROVED'),
('INV20211232624','P-20211504','MILO',650.00,1,650.00,'Temidayo','APPROVED'),
('INV20211293655','P-20210956','GOLDEN MOORE',60.00,2,120.00,'Temidayo','APPROVED'),
('INV20211294384','P-20211504','MILO',650.00,1,650.00,'Temidayo','APPROVED'),
('INV20211295241','P-20211504','MILO',650.00,1,650.00,'Temidayo','APPROVED'),
('INV20211296546','P-20211504','MILO',650.00,2,1300.00,'Temidayo','APPROVED'),
('INV20211296546','P-20210956','GOLDEN MOORE',60.00,3,180.00,'Temidayo','APPROVED'),
('INV20211297213','P-20210956','GOLDEN MOORE',60.00,1,60.00,'Temidayo','APPROVED'),
('INV20211298440','P-20211504','MILO',650.00,2,1300.00,'Temidayo','APPROVED'),
('INV20211298440','P-20212120','POWER OIL',120.00,1,120.00,'Temidayo','APPROVED'),
('INV20211298440','P-20210956','GOLDEN MOORE',60.00,2,120.00,'Temidayo','APPROVED'),
('INV20211299605','P-2021487','BIGI APPLE',150.00,1,150.00,'Temidayo','APPROVED'),
('INV20211291016','P-20211504','MILO',650.00,2,1300.00,'Temidayo','APPROVED'),
('INV202112911868','P-20211504','MILO',650.00,2,1300.00,'Temidayo','APPROVED'),
('INV202112911868','P-20210956','GOLDEN MOORE',60.00,3,180.00,'Temidayo','APPROVED'),
('INV202113012193','P-20211504','MILO',650.00,2,1300.00,'Temidayo','APPROVED'),
('INV202113012193','P-20210956','GOLDEN MOORE',60.00,4,240.00,'Temidayo','APPROVED'),
('INV202113012193','P-20212120','POWER OIL',120.00,3,360.00,'Temidayo','APPROVED'),
('INV202113013815','P-20211504','MILO',650.00,2,1300.00,'Temidayo','APPROVED'),
('INV202113014943','P-20211504','MILO',650.00,1,650.00,'Temidayo','APPROVED'),
('INV202113015190','P-20210956','GOLDEN MOORE',60.00,3,180.00,'Temidayo','APPROVED'),
('INV202113016214','P-20210956','GOLDEN MOORE',60.00,3,180.00,'Temidayo','APPROVED'),
('INV202113016214','P-20211504','MILO',650.00,2,1300.00,'Temidayo','APPROVED'),
('INV202113016214','P-20212120','POWER OIL',120.00,2,240.00,'Temidayo','APPROVED'),
('INV202113117521','P-20210956','GOLDEN MOORE',60.00,3,180.00,'Temidayo','APPROVED'),
('INV202113117521','P-20211504','MILO',650.00,2,1300.00,'Temidayo','APPROVED'),
('INV202113117521','P-20212120','POWER OIL',120.00,4,480.00,'Temidayo','APPROVED'),
('INV202113117521','P-2021487','BIGI APPLE',150.00,1,150.00,'Temidayo','APPROVED'),
('INV20211311878','P-20210956','GOLDEN MOORE',60.00,18,1080.00,'Albert','APPROVED'),
('INV20211311878','P-20211504','MILO',650.00,5,3250.00,'Albert','APPROVED'),
('INV20211311878','P-2021487','BIGI APPLE',150.00,3,450.00,'Albert','APPROVED'),
('INV20211311878','P-20212120','POWER OIL',120.00,10,1200.00,'Albert','APPROVED'),
('INV20212119262','P-20210956','GOLDEN MOORE',70.00,5,350.00,'Albert','APPROVED'),
('INV20212119262','P-20211504','MILO',650.00,2,1300.00,'Albert','APPROVED'),
('INV20212220207','P-20210956','GOLDEN MOORE',70.00,3,210.00,'Temidayo','APPROVED'),
('INV20212220207','P-20211504','MILO',650.00,2,1300.00,'Temidayo','APPROVED'),
('INV20212321181','P-20210956','GOLDEN MOORE',70.00,5,350.00,'Temidayo','APPROVED'),
('INV20212321181','P-20211504','MILO',650.00,1,650.00,'Temidayo','APPROVED'),
('INV20212522121','P-20215692','SO KLIN',120.00,5,600.00,'Temidayo','APPROVED'),
('INV20212522121','P-20210956','GOLDEN MOORE',70.00,10,700.00,'Temidayo','APPROVED'),
('INV20212522121','P-20211504','MILO',650.00,5,3250.00,'Temidayo','APPROVED'),
('INV20212522121','P-20212120','POWER OIL',120.00,5,600.00,'Temidayo','APPROVED'),
('INV20212723548','P-20215692','SO KLIN',120.00,2,240.00,'Temidayo','APPROVED'),
('INV20212723548','P-20210956','GOLDEN MOORE',70.00,5,350.00,'Temidayo','APPROVED'),
('INV20212723548','P-20211504','MILO',650.00,3,1950.00,'Temidayo','APPROVED'),
('INV20212723548','P-20212120','POWER OIL',120.00,5,600.00,'Temidayo','APPROVED'),
('INV20212723548','P-2021487','BIGI APPLE',150.00,3,450.00,'Temidayo','APPROVED'),
('INV20212824800','P-20215692','SO KLIN',120.00,3,360.00,'Temidayo','APPROVED'),
('INV20212824800','P-20210956','GOLDEN MOORE',70.00,3,210.00,'Temidayo','APPROVED'),
('INV20212824800','P-20211504','MILO',650.00,2,1300.00,'Temidayo','APPROVED'),
('INV20212825455','P-20215692','SO KLIN',120.00,3,360.00,'Temidayo','APPROVED'),
('INV20212825455','P-20210956','GOLDEN MOORE',70.00,2,140.00,'Temidayo','APPROVED'),
('INV20212825455','P-20211504','MILO',650.00,3,1950.00,'Temidayo','APPROVED'),
('INV20212825455','P-20212120','POWER OIL',120.00,4,480.00,'Temidayo','APPROVED'),
('INV20212825455','P-2021487','BIGI APPLE',150.00,2,300.00,'Temidayo','APPROVED'),
('INV20212826968','P-20215692','SO KLIN',120.00,1,120.00,'Temidayo','APPROVED'),
('INV20212826968','P-20210956','GOLDEN MOORE',70.00,4,280.00,'Temidayo','APPROVED'),
('INV20212826968','P-20211504','MILO',650.00,2,1300.00,'Temidayo','APPROVED'),
('INV202121227768','P-20215692','SO KLIN',120.00,1,120.00,'Temidayo','APPROVED'),
('INV202121227768','P-20210956','GOLDEN MOORE',70.00,4,280.00,'Temidayo','APPROVED'),
('INV202121227768','P-20211504','MILO',650.00,2,1300.00,'Temidayo','APPROVED'),
('INV202121228921','P-20211504','MILO',650.00,2,1300.00,'Albert','APPROVED'),
('INV202122129803','P-20216155','KINGS TABLE WATER 50CL',100.00,5,500.00,'Temidayo','APPROVED'),
('INV202122129803','P-20215692','SO KLIN',120.00,2,240.00,'Temidayo','APPROVED'),
('INV202122129803','P-20210956','GOLDEN MOORE',70.00,5,350.00,'Temidayo','APPROVED'),
('INV202122129803','P-20211504','MILO',650.00,2,1300.00,'Temidayo','APPROVED'),
('INV202122130260','P-20211504','MILO',650.00,1,650.00,'Temidayo','APPROVED'),
('INV202122131200','P-20215692','SO KLIN',120.00,3,360.00,'Temidayo','APPROVED'),
('INV202122131200','P-20210956','GOLDEN MOORE',70.00,5,350.00,'Temidayo','APPROVED'),
('INV202122131200','P-20211504','MILO',650.00,3,1950.00,'Temidayo','APPROVED'),
('INV202122131200','P-20212120','POWER OIL',120.00,3,360.00,'Temidayo','APPROVED'),
('INV202122131200','P-20216155','KINGS TABLE WATER 50CL',100.00,5,500.00,'Temidayo','APPROVED'),
('INV202122131200','P-2021487','BIGI APPLE',150.00,3,450.00,'Temidayo','APPROVED'),
('INV20213832949','P-20215692','SO KLIN',120.00,4,480.00,'Temidayo','APPROVED'),
('INV20213832949','P-20210956','GOLDEN MOORE',70.00,2,140.00,'Temidayo','APPROVED'),
('INV20213832949','P-20211504','MILO',650.00,2,1300.00,'Temidayo','APPROVED'),
('INV20213832949','P-20212120','POWER OIL',120.00,2,240.00,'Temidayo','APPROVED'),
('INV20213832949','P-20216155','KINGS TABLE WATER 50CL',100.00,2,200.00,'Temidayo','APPROVED'),
('INV20213832949','P-2021487','BIGI APPLE',150.00,3,450.00,'Temidayo','APPROVED'),
('INV202131833108','P-20215692','SO KLIN',120.00,5,600.00,'Temidayo','APPROVED'),
('INV202131833108','P-20210956','GOLDEN MOORE',70.00,6,420.00,'Temidayo','APPROVED'),
('INV202131833108','P-20211504','MILO',650.00,4,2600.00,'Temidayo','APPROVED'),
('INV202131833108','P-20212120','POWER OIL',120.00,5,600.00,'Temidayo','APPROVED'),
('INV202131833108','P-20216155','KINGS TABLE WATER 50CL',100.00,7,700.00,'Temidayo','APPROVED'),
('INV202131833108','P-2021487','BIGI APPLE',150.00,6,900.00,'Temidayo','APPROVED'),
('INV2021543431','P-20215692','SO KLIN',120.00,10,1200.00,'Albert','APPROVED'),
('INV2021543431','P-20210956','GOLDEN MOORE',70.00,20,1400.00,'Albert','APPROVED'),
('INV2021543431','P-20211504','MILO',650.00,5,3250.00,'Albert','APPROVED'),
('INV2021543431','P-20212120','POWER OIL',120.00,5,600.00,'Albert','APPROVED'),
('INV2021543431','P-20216155','KINGS TABLE WATER 50CL',100.00,10,1000.00,'Albert','APPROVED'),
('INV2021543431','P-2021487','BIGI APPLE',150.00,15,2250.00,'Albert','APPROVED');
/*!40000 ALTER TABLE `tblcart` ENABLE KEYS */;

-- 
-- Definition of tblcartpayment
-- 

DROP TABLE IF EXISTS `tblcartpayment`;
CREATE TABLE IF NOT EXISTS `tblcartpayment` (
  `invoiceno` varchar(50) NOT NULL,
  `customer` varchar(50) NOT NULL,
  `total` decimal(10,2) NOT NULL,
  `amountpaid` decimal(10,2) NOT NULL,
  `cchange` decimal(10,2) NOT NULL,
  `paymode` varchar(15) NOT NULL,
  `date` varchar(50) NOT NULL,
  `time` varchar(50) NOT NULL,
  `status` varchar(15) NOT NULL,
  `user` varchar(50) NOT NULL,
  PRIMARY KEY (`invoiceno`)
) ENGINE=InnoDB DEFAULT CHARSET=utf8;

-- 
-- Dumping data for table tblcartpayment
-- 

/*!40000 ALTER TABLE `tblcartpayment` DISABLE KEYS */;
INSERT INTO `tblcartpayment`(`invoiceno`,`customer`,`total`,`amountpaid`,`cchange`,`paymode`,`date`,`time`,`status`,`user`) VALUES
('INV20211220553','Afolabi Timothy',1420.00,1500.00,80.00,'Cash','1/22/2021','7:46 PM','APPROVED','TEMIDAYO'),
('INV20211221747','Albert',1780.00,2000.00,220.00,'Cash','1/22/2021','8:17 PM','APPROVED','TEMIDAYO'),
('INV20211232624','Temitope',710.00,1000.00,290.00,'ATM Card (POS)','1/23/2021','6:39 PM','APPROVED','TEMIDAYO'),
('INV20211291016','Mr. Gideon',1300.00,1500.00,200.00,'Cash','1/29/2021','10:19 PM','APPROVED','TEMIDAYO'),
('INV202112911868','Mr Farook',1480.00,1500.00,20.00,'ATM Card (POS)','1/29/2021','10:23 PM','APPROVED','TEMIDAYO'),
('INV20211293655','Mr Seth',120.00,200.00,80.00,'ATM Card (POS)','1/29/2021','6:50 PM','APPROVED','TEMIDAYO'),
('INV20211294384','Test Customer',650.00,1000.00,350.00,'Bank Transfer','1/29/2021','7:02 PM','APPROVED','TEMIDAYO'),
('INV20211295241','Tryiing',650.00,700.00,50.00,'Bank Transfer','1/29/2021','7:12 PM','APPROVED','TEMIDAYO'),
('INV20211296546','Mrs Ayanwale',1480.00,1500.00,20.00,'Cash','1/29/2021','7:16 PM','APPROVED','TEMIDAYO'),
('INV20211297213','Mr Martin',60.00,70.00,10.00,'Bank Transfer','1/29/2021','7:21 PM','APPROVED','TEMIDAYO'),
('INV20211298440','Omolola',1540.00,2000.00,460.00,'Bank Transfer','1/29/2021','8:00 PM','APPROVED','TEMIDAYO'),
('INV20211299605','Police Man',150.00,200.00,50.00,'Cash','1/29/2021','8:03 PM','APPROVED','TEMIDAYO'),
('INV202113012193','Test This',1900.00,2000.00,100.00,'Cash','1/30/2021','12:06 AM','APPROVED','TEMIDAYO'),
('INV202113013815','Mrs Chima',1300.00,1500.00,200.00,'Bank Transfer','1/30/2021','11:40 PM','APPROVED','TEMIDAYO'),
('INV202113014943','Suliat',650.00,700.00,50.00,'Bank Transfer','1/30/2021','11:43 PM','APPROVED','TEMIDAYO'),
('INV202113015190','Tope',180.00,200.00,20.00,'Bank Transfer','1/30/2021','11:47 PM','APPROVED','TEMIDAYO'),
('INV202113016214','Mr Chike',1720.00,2000.00,280.00,'Cash','1/30/2021','11:58 PM','APPROVED','TEMIDAYO'),
('INV202113117521','Mr Brown',2110.00,2150.00,40.00,'Cash','1/31/2021','11:11 AM','APPROVED','TEMIDAYO'),
('INV20211311878','Feranmi',5980.00,6000.00,20.00,'Cash','1/31/2021','1:34 PM','APPROVED','ALBERT'),
('INV20212119262','Okafor',1650.00,1700.00,50.00,'Cash','2/1/2021','12:20 PM','APPROVED','ALBERT'),
('INV202121227768','Mr Samson',1700.00,2000.00,300.00,'ATM Card (POS)','2/12/2021','11:51 AM','APPROVED','TEMIDAYO'),
('INV202121228921','Mr Mareez',1300.00,1500.00,200.00,'Cash','2/12/2021','12:10 PM','APPROVED','ALBERT'),
('INV202122129803','Chucks',2390.00,2500.00,110.00,'Bank Transfer','2/21/2021','7:48 AM','APPROVED','TEMIDAYO'),
('INV202122130260','Emmanuel',650.00,700.00,50.00,'Cash','2/21/2021','7:49 AM','APPROVED','TEMIDAYO'),
('INV202122131200','Hamid',3970.00,4000.00,30.00,'Cash','2/21/2021','11:29 PM','APPROVED','TEMIDAYO'),
('INV20212220207','Mr Tomiwa',1510.00,1600.00,90.00,'Cash','2/2/2021','7:32 PM','APPROVED','TEMIDAYO'),
('INV20212321181','Mr Chucks',1000.00,1000.00,0.00,'Bank Transfer','2/3/2021','4:20 PM','APPROVED','TEMIDAYO'),
('INV20212522121','Funmi Pupa',5150.00,5200.00,50.00,'Cash','2/5/2021','5:52 PM','APPROVED','TEMIDAYO'),
('INV20212723548','Just Testing',3590.00,4000.00,410.00,'Cash','2/7/2021','8:15 AM','APPROVED','TEMIDAYO'),
('INV20212824800','Tofunmi',1870.00,2000.00,130.00,'ATM Card (POS)','2/8/2021','12:50 AM','APPROVED','TEMIDAYO'),
('INV20212825455','Mr Anu',3230.00,3500.00,270.00,'Cash','2/8/2021','12:59 AM','APPROVED','TEMIDAYO'),
('INV20212826968','Test',1700.00,2000.00,300.00,'Cash','2/8/2021','1:18 AM','APPROVED','TEMIDAYO'),
('INV202131833108','Mr Fruits',5820.00,6000.00,180.00,'Cash','3/18/2021','5:57 PM','APPROVED','TEMIDAYO'),
('INV20213832949','RoTimi',2810.00,3000.00,190.00,'ATM Card (POS)','3/8/2021','10:03 PM','APPROVED','TEMIDAYO'),
('INV2021543431','Nova',9700.00,10000.00,300.00,'Cash','5/4/2021','8:42 PM','APPROVED','ALBERT');
/*!40000 ALTER TABLE `tblcartpayment` ENABLE KEYS */;

-- 
-- Definition of tblcategory
-- 

DROP TABLE IF EXISTS `tblcategory`;
CREATE TABLE IF NOT EXISTS `tblcategory` (
  `name` varchar(50) NOT NULL,
  PRIMARY KEY (`name`)
) ENGINE=InnoDB DEFAULT CHARSET=utf8;

-- 
-- Dumping data for table tblcategory
-- 

/*!40000 ALTER TABLE `tblcategory` DISABLE KEYS */;
INSERT INTO `tblcategory`(`name`) VALUES
('BATHING SOAP'),
('BEVERAGES'),
('CANDY'),
('CEREAL'),
('COOKING OIL'),
('DETERGENT'),
('DRINKS'),
('TEST'),
('WASHING SOAP');
/*!40000 ALTER TABLE `tblcategory` ENABLE KEYS */;

-- 
-- Definition of tblproduct
-- 

DROP TABLE IF EXISTS `tblproduct`;
CREATE TABLE IF NOT EXISTS `tblproduct` (
  `code` varchar(50) NOT NULL,
  `name` varchar(50) NOT NULL,
  `barcode` varchar(50) NOT NULL,
  `category` varchar(50) NOT NULL,
  `description` varchar(100) NOT NULL,
  `status` tinyint(1) NOT NULL,
  `quantity` int(11) NOT NULL,
  `price` decimal(10,2) NOT NULL,
  PRIMARY KEY (`code`)
) ENGINE=InnoDB DEFAULT CHARSET=utf8;

-- 
-- Dumping data for table tblproduct
-- 

/*!40000 ALTER TABLE `tblproduct` DISABLE KEYS */;
INSERT INTO `tblproduct`(`code`,`name`,`barcode`,`category`,`description`,`status`,`quantity`,`price`) VALUES
('P-20210956','GOLDEN MOORE','9282828272728','CEREAL','N/A',1,170,70.00),
('P-20211504','MILO','7678326735678','BEVERAGES','N/A',1,129,650.00),
('P-20212120','POWER OIL','3433333516008','COOKING OIL','N/A',1,324,120.00),
('P-20213761','SWEET CANDY','7777848497220','CANDY','No description...',0,0,0.00),
('P-2021487','BIGI APPLE','5326727827637','DRINKS','N/A',1,85,150.00),
('P-20215692','SO KLIN','4553462165626','DETERGENT','just a washing soap',1,31,120.00),
('P-20216155','KINGS TABLE WATER 50CL','8559750909344','DRINKS','N/A',1,226,100.00),
('P-20217198','COTTON WOOL','4218386335235','TEST','N/A',0,0,0.00);
/*!40000 ALTER TABLE `tblproduct` ENABLE KEYS */;

-- 
-- Definition of tblsettings
-- 

DROP TABLE IF EXISTS `tblsettings`;
CREATE TABLE IF NOT EXISTS `tblsettings` (
  `name` varchar(50) NOT NULL,
  `website` varchar(50) NOT NULL,
  `phoneno` varchar(50) NOT NULL,
  `email` varchar(50) NOT NULL,
  `address` varchar(500) NOT NULL
) ENGINE=InnoDB DEFAULT CHARSET=utf8;

-- 
-- Dumping data for table tblsettings
-- 

/*!40000 ALTER TABLE `tblsettings` DISABLE KEYS */;
INSERT INTO `tblsettings`(`name`,`website`,`phoneno`,`email`,`address`) VALUES
('MY MINI STORE','ministore.com','08090949669','afolabi8120@gmail.com','Michael O Babatunde Ave, off jankara road, Ijaiye, Lagos State');
/*!40000 ALTER TABLE `tblsettings` ENABLE KEYS */;

-- 
-- Definition of tblstockin
-- 

DROP TABLE IF EXISTS `tblstockin`;
CREATE TABLE IF NOT EXISTS `tblstockin` (
  `referenceno` varchar(50) NOT NULL,
  `stockby` varchar(50) NOT NULL,
  `date` varchar(50) NOT NULL,
  `pcode` varchar(50) NOT NULL,
  `pname` varchar(50) NOT NULL,
  `price` decimal(10,2) NOT NULL,
  `quantity` int(11) NOT NULL,
  `total` decimal(10,2) NOT NULL,
  `remark` varchar(80) NOT NULL
) ENGINE=InnoDB DEFAULT CHARSET=utf8;

-- 
-- Dumping data for table tblstockin
-- 

/*!40000 ALTER TABLE `tblstockin` DISABLE KEYS */;
INSERT INTO `tblstockin`(`referenceno`,`stockby`,`date`,`pcode`,`pname`,`price`,`quantity`,`total`,`remark`) VALUES
('REF-20210954','AFOLABI','1/19/2021','P-20210956','GOLDEN MOORE',50.00,70,3500.00,''),
('REF-20210954','AFOLABI','1/19/2021','P-20211504','MILO',500.00,25,12500.00,''),
('REF-20210954','AFOLABI','1/19/2021','P-20212120','POWER OIL',100.00,30,3000.00,''),
('REF-20211653','Afolabi','2021-02-01 11:55:09.357554','P-20210956','GOLDEN MOORE',60.00,30,1800.00,''),
('REF-20212740','Afolabi','2021-02-05 17:47:51.505023','P-20215692','SO KLIN',90.00,60,5400.00,''),
('REF-20213242','Afolabi','2021-02-21 07:46:25.756921','P-20216155','KINGS TABLE WATER 50CL',90.00,250,22500.00,'');
/*!40000 ALTER TABLE `tblstockin` ENABLE KEYS */;

-- 
-- Definition of tblstockinpayment
-- 

DROP TABLE IF EXISTS `tblstockinpayment`;
CREATE TABLE IF NOT EXISTS `tblstockinpayment` (
  `referenceno` varchar(50) NOT NULL,
  `stockby` varchar(50) NOT NULL,
  `date` varchar(50) NOT NULL,
  `supplier` varchar(50) NOT NULL,
  `contact` varchar(50) NOT NULL,
  `address` varchar(50) NOT NULL,
  `total` decimal(10,2) NOT NULL,
  `schange` decimal(10,2) NOT NULL,
  `amountpaid` decimal(10,2) NOT NULL,
  PRIMARY KEY (`referenceno`)
) ENGINE=InnoDB DEFAULT CHARSET=utf8;

-- 
-- Dumping data for table tblstockinpayment
-- 

/*!40000 ALTER TABLE `tblstockinpayment` DISABLE KEYS */;
INSERT INTO `tblstockinpayment`(`referenceno`,`stockby`,`date`,`supplier`,`contact`,`address`,`total`,`schange`,`amountpaid`) VALUES
('REF-20210954','AFOLABI','1/19/2021','EMERALD VENTURES','MR. OLA','23, MORGAN CHASE STR, LAGOS STATE.',19000.00,1000.00,20000.00),
('REF-20211653','Afolabi','2/1/2021','LIZ BETH STORES','MS. LIZBETH','34, FAME RENA, ILORIN',1800.00,200.00,2000.00),
('REF-20212740','Afolabi','2/5/2021','LIZ BETH STORES','MS. LIZBETH','34, FAME RENA, ILORIN',5400.00,100.00,5500.00),
('REF-20213242','Afolabi','2/21/2021','LIZ BETH STORES','MS. LIZBETH','34, FAME RENA, ILORIN',22500.00,500.00,23000.00);
/*!40000 ALTER TABLE `tblstockinpayment` ENABLE KEYS */;

-- 
-- Definition of tblsupplier
-- 

DROP TABLE IF EXISTS `tblsupplier`;
CREATE TABLE IF NOT EXISTS `tblsupplier` (
  `name` varchar(50) NOT NULL,
  `address` varchar(500) NOT NULL,
  `contactperson` varchar(50) NOT NULL,
  `phoneno` varchar(50) NOT NULL,
  `email` varchar(50) NOT NULL,
  `status` tinyint(1) NOT NULL,
  PRIMARY KEY (`name`)
) ENGINE=InnoDB DEFAULT CHARSET=utf8;

-- 
-- Dumping data for table tblsupplier
-- 

/*!40000 ALTER TABLE `tblsupplier` DISABLE KEYS */;
INSERT INTO `tblsupplier`(`name`,`address`,`contactperson`,`phoneno`,`email`,`status`) VALUES
('EMERALD VENTURES','23, Morgan Chase Str, Lagos State.','MR. OLA','08090949669','afolabi8120@gmail.com',1),
('INFINITY MOBILE STORE','1, Infinity street, Lagos State','MR. JAMES','08090949669','afolabi8120@gmail.com',0),
('LIZ BETH STORES','34, Fame Rena, Ilorin','MS. LIZBETH','08090949669','afolabi8120@gmail.com',1);
/*!40000 ALTER TABLE `tblsupplier` ENABLE KEYS */;

-- 
-- Definition of tbluser
-- 

DROP TABLE IF EXISTS `tbluser`;
CREATE TABLE IF NOT EXISTS `tbluser` (
  `username` varchar(50) NOT NULL,
  `fullname` varchar(50) NOT NULL,
  `password` varchar(50) NOT NULL,
  `usertype` varchar(50) NOT NULL,
  `status` tinyint(1) NOT NULL,
  PRIMARY KEY (`username`)
) ENGINE=InnoDB DEFAULT CHARSET=utf8;

-- 
-- Dumping data for table tbluser
-- 

/*!40000 ALTER TABLE `tbluser` DISABLE KEYS */;
INSERT INTO `tbluser`(`username`,`fullname`,`password`,`usertype`,`status`) VALUES
('Afolabi','AFOLABI TEAMIDAYO TIMOTHY','12345','Administrator',1),
('Albert','ALBERT FAITH SEGUN','12345','Cashier',1),
('Temidayo','AFOLABI OLAONIPEKUN TIMOTHY','12345','Cashier',1);
/*!40000 ALTER TABLE `tbluser` ENABLE KEYS */;


/*!40101 SET SQL_MODE=@OLD_SQL_MODE */;
/*!40014 SET FOREIGN_KEY_CHECKS=@OLD_FOREIGN_KEY_CHECKS */;
/*!40014 SET UNIQUE_CHECKS=@OLD_UNIQUE_CHECKS */;
/*!40101 SET CHARACTER_SET_CLIENT=@OLD_CHARACTER_SET_CLIENT */;
/*!40101 SET CHARACTER_SET_RESULTS=@OLD_CHARACTER_SET_RESULTS */;
/*!40101 SET COLLATION_CONNECTION=@OLD_COLLATION_CONNECTION */;
/*!40111 SET SQL_NOTES=@OLD_SQL_NOTES */;


-- Dump completed on 2021-05-04 21:01:24
-- Total time: 0:0:0:1:449 (d:h:m:s:ms)
